<?xml version="1.0" encoding="UTF-8"?>  
<beans xmlns:xsi="http://www.w3.org/2001/XMLSchema-instance" xmlns="http://www.springframework.org/schema/beans"  
  xmlns:aop="http://www.springframework.org/schema/aop" xmlns:context="http://www.springframework.org/schema/context"  
  xmlns:tx="http://www.springframework.org/schema/tx" xmlns:cache="http://www.springframework.org/schema/cache"  
  xmlns:p="http://www.springframework.org/schema/p" xsi:schemaLocation="http://www.springframework.org/schema/beans  
     http://www.springframework.org/schema/beans/spring-beans.xsd  
    http://www.springframework.org/schema/aop  
    http://www.springframework.org/schema/aop/spring-aop.xsd  
    http://www.springframework.org/schema/context  
    http://www.springframework.org/schema/context/spring-context.xsd  
    http://www.springframework.org/schema/tx  
    http://www.springframework.org/schema/tx/spring-tx.xsd  
     http://www.springframework.org/schema/cache  
    http://www.springframework.org/schema/cache/spring-cache.xsd">  
     
    <!-- 自动扫描 -->  
    <context:component-scan base-package="com.liangliang"/>
    <!-- 引入外置文件 -->  
    <bean id="propertyConfigurer" class="org.springframework.beans.factory.config.PropertyPlaceholderConfigurer">  
        <property name="location" value="classpath:jdbc.properties"/>  
    </bean>  
     
    <!--dbcp数据库连接池配置-->  
   <bean id="dataSource" class="org.apache.commons.dbcp.BasicDataSource" destroy-method="close">
        <property name="driverClassName" value="${jdbc.driverClassName}"/>  
        <property name="url" value="${jdbc.url}"/>  
        <property name="username" value="${jdbc.username}"/>  
        <property name="password" value="${jdbc.password}"/>  
    </bean>

    <!-- spring和MyBatis完美整合 -->  
    <bean id="sqlSessionFactory" class="org.mybatis.spring.SqlSessionFactoryBean">  
        <!-- 指定数据源 -->  
        <property name="dataSource" ref="dataSource"/>  
        <!-- 具体指定xml文件，可不配 -->  
        <property name="configLocation" value="classpath:mybatis-config.xml"/>  
        <!-- 自动扫描mapping.xml文件，**表示迭代查找 ,,也可在mybatis-config.xml中单独指定xml文件 -->
        <property name="mapperLocations" value="classpath:com/liangliang/dao/xml/*.xml"/>
        <!-- 配置单个xml文件 -->
        <!--<property name="mapperLocations" value="classpath:com/liangliang/dao/xml/MsMerchantMapper.xml"/> -->
        <!-- 配置多个xml文件 -->  
        
       <!--  <property name="mapperLocations">
	        <list>
					<value>classpath:com/liangliang/dao/xml/*.xml</value>
			</list>
	          <array>
	              <value>classpath:com/liangliang/dao/xml/MsMerchantMapper.xml</value>
	              <value>classpath:com/liangliang/dao/xml/MsMerchantMapper.xml</value>
	          </array>
	    </property> -->
        
    </bean>  
   
    <!-- 自动扫描dao下的所有dao接口，并实现这些接口，可直接在程序中使用dao接口，不用再获取sqlsession对象 -->  
    <bean class="org.mybatis.spring.mapper.MapperScannerConfigurer"> 
     
        <!--  
        basePackage 属性是映射器接口文件的包路径。  
                 你可以使用分号或逗号 作为分隔符设置多于一个的包路径  
        -->  
        <property name="basePackage" value="com/liangliang/dao"/>
        <!--  
                 因为会自动装配 SqlSessionFactory和SqlSessionTemplate  
                 所以没 有 必 要 去 指 定 SqlSessionFactory或 SqlSessionTemplate  
                 因此可省略不配置；  
                 但是,如果你使 用了一个 以上的 DataSource，那么自动装配可能会失效。  
                 这种 情况下，你可以使用sqlSessionFactoryBeanName或sqlSessionTemplateBeanName属性来设置正确的 bean名称来使用；  
        -->  
        <property name="sqlSessionFactoryBeanName" value="sqlSessionFactory"/>  
    </bean>  
     
    <!-- 事务管理器  -->  
    <bean id="transactionManager" class="org.springframework.jdbc.datasource.DataSourceTransactionManager">  
        <property name="dataSource" ref="dataSource" />  
    </bean>    
    
    <!-- 使用声明式事务   -->
    <tx:annotation-driven transaction-manager="txManager" /> 
</beans>  
